"species","fichier"
"Astrild ondulé","reunion_astrild_ondule.html"
"Bulbul de La Réunion","reunion_bulbul_de_la_reunion.html"
"Bulbul orphée","reunion_bulbul_orphee.html"
"Busard de Maillard","reunion_busard_de_maillard.html"
"Caille des blés","reunion_caille_des_bles.html"
"Caille peinte","reunion_caille_peinte.html"
"Capucin damier","reunion_capucin_damier.html"
"Coq bankiva","reunion_coq_bankiva.html"
"Echenilleur de La Réunion","reunion_echenilleur_de_la_reunion.html"
"Faisan de Colchide","reunion_faisan_de_colchide.html"
"Foudi de Madagascar","reunion_foudi_de_madagascar.html"
"Francolin gris","reunion_francolin_gris.html"
"Gallinule poule d'eau","reunion_gallinule_poule_deau.html"
"Géopélie zébrée","reunion_geopelie_zebree.html"
"Hémipode de Madagascar","reunion_hemipode_de_madagascar.html"
"Héron strié","reunion_heron_strie.html"
"Hirondelle de Bourbon","reunion_hirondelle_de_bourbon.html"
"Léiothrix jaune","reunion_leiothrix_jaune.html"
"Mainate religieux","reunion_mainate_religieux.html"
"Martin triste","reunion_martin_triste.html"
"Moineau domestique","reunion_moineau_domestique.html"
"Oiseau-lunettes gris","reunion_oiseau_lunettes_gris.html"
"Oiseau-lunettes vert","reunion_oiseau_lunettes_vert.html"
"Perdicule rousse-gorge","reunion_perdicule_rousse_gorge.html"
"Perdrix de Madagascar","reunion_perdrix_de_madagascar.html"
"Phaéton à bec jaune","reunion_phaeton_a_bec_jaune.html"
"Pigeon domestique","reunion_pigeon_domestique.html"
"Salangane des Mascareignes","reunion_salangane_des_mascareignes.html"
"Serin du Cap","reunion_serin_du_cap.html"
"Serin du Mozambique","reunion_serin_du_mozambique.html"
"Tarier de La Réunion","reunion_tarier_de_la_reunion.html"
"Terpsiphone de Bourbon","reunion_terpsiphone_de_bourbon.html"
"Tisserin gendarme","reunion_tisserin_gendarme.html"
"Tourterelle malgache","reunion_tourterelle_malgache.html"
"Tourterelle rieuse","reunion_tourterelle_rieuse.html"
"Travailleur à bec rouge","reunion_travailleur_a_bec_rouge.html"
"Veuve dominicaine","reunion_veuve_dominicaine.html"
